sha256,sha1,md5,dex_date,apk_size,pkg_name,vercode,vt_detection,vt_scan_date,dex_size,markets
0000003B455A6C7AF837EF90F2EAFFD856E3B5CF49F5E27191430328DE2FA670,9C14D537A7ADB4CFC43D291352F73E05E0CCDD4A,3EDFC78AB53521942798AD551027D04F,2016-04-05 17:58:46,10386469,"com.zte.bamachaye",121,0,2016-06-15 15:26:44,4765888,anzhi
0000014A634DB98F85038B833A8DFC50D5FB13A464E0B25994E439AEF830CD70,C3EBEC52C9388BF67479FF1385A56C59B3E39E81,0A146750FB447CF3859C9CB659AB04F1,2014-08-20 13:58:10,3537486,"com.tanersenel.onlinetvizle",16,0,2016-11-20 10:26:31,3170096,PlayDrone
000001A94F46A0C3DDA514E1F24E675648835BBA5EF3C3AA72D9C378534FCAD6,C0444D784685EFE5F6D9F28683B24B5873E509CB,EC82771AE018B93AD784A1FD2B625216,1980-01-01 00:00:00,52469861,"com.firstchoice.myfirstchoice",1206145,0,2021-03-17 08:02:21,9201656,play.google.com
000002B63FAD4B030787F6DE4081DC1E12325026EB7DDAD146C52F5F4FC2D525,DD723B32EDD9F70AADBD66846621967157DF9BD4,985E601C17F0A9346590AE92A5AD664E,1980-01-01 00:00:00,4300370,"com.deperu.sitiosarequipa",10000,0,2017-12-03 06:50:28,4211104,play.google.com
000003D3981DC548A772A30D688F424CFB88561A63A2DD888E7CF55171442946,6AE9F138F7E0C63E5D58CC7E82FB05A50F041637,F4789023733E41EE883208ACBC956020,1980-01-01 00:00:00,12958838,"com.safetravels.safetravelsmain",400125,0,2019-06-25 08:55:42,7813520,play.google.com
00000439A3FFA123C3F9BC45E5E821351B1A5C276871B36447AB80C74261F354,375D6FFD167BB5E7E2935B1B927F87D8E44A9AB4,9283C74DD8356C18BB6D94B88B8FDD9B,2011-10-25 02:30:56,1044597,"bmthx.god102409paperi",6,1,2014-04-27 06:30:31,105660,appchina
0000049D8911607971A3336DE5CF36F4799D679D6BB9EF014CBFE73578A6E3EA,433307FF815B8BA4A88BC3EE3EC2C912FFBA063B,B03BEEAFB1975881F11395C4F5F6E2ED,1980-01-01 00:00:00,3161615,"com.bmi.calculatorplus",11,0,2020-07-13 07:37:27,4000432,play.google.com
0000090C2169EFF7E9A889CA1953CF39C887E0FD23A9BEF6E44A387339842C40,E86150BBF222D038F607BA91AD5E6E70C4C86C2A,39DC3F83F0F1E15A791A3964738388E1,2014-08-21 23:38:28,2541606,"eremeev.dev.montecarloradio",8,0,2016-05-19 18:52:41,2302164,PlayDrone
00000989F3E215BA9FC3BDD5B56AF751343B540C1026BF42AEA8FEBF68874ECC,81EA59FE2C95EDEF3662CAF165FF36AB410FA158,71FFF1BA55D7F6BF0AB00C15F6B5BC99,2015-09-02 10:34:48,1375862,"kr.ac.snjc.library",3,0,2016-03-17 04:48:32,2277844,play.google.com
000009BE655C2111A0ADA2B46EBD2AD59946D46A4780C3D4D34E58E57E0AFED9,47F9BA16C8E8EC99826FF7C051C9E5A55B50F954,E08EB262E4B439D027722014EBA56016,1981-01-01 01:01:02,11605703,"com.fun.video.chat.theprincefamilycall",3,0,2023-06-22 05:59:45,8590404,play.google.com
00000A753D553DE825BBD8E84D62B3D5965EA29E775504FCB4F31570E6B0E0B9,088592B41814930929A8EE504FF298248FFFBB9C,E9A51B9409807C5DDBB50C60A7F11D66,1981-01-01 01:01:02,22490734,"com.rcdnc.cafezinho",68,0,2023-11-29 07:18:32,9367852,play.google.com
00000B7064B3750F9B4C6CB9FF2C8852DFF67B29CC8CEF6D72FA4744E573041B,FF63649BAAB9913C95F943FCCE16F7B6CD9FDE6A,B8E8A8BED6FB447F6B75050F80F66ECC,1981-01-01 01:01:02,10510322,"com.resultsdirect.eventsential.branded.cues",4300003,0,2022-06-29 08:28:17,8779948,play.google.com
00000CABAEF95BC6586666EAF020DD1A71E7A12D80033A047B66563DC7B936BA,3719D3B82545DB31B33B77B30F299BEF32DDE579,DB3B03486C135DBF8E30C84C72F966D6,1981-01-01 01:01:02,142134854,"com.boombitgames.Tiny2",3000448,0,2023-09-23 08:11:30,8813812,play.google.com
00000D27239CED784030954898E6BF328528993E209C226E447F91A8E146876B,50EA4541EFE2EC5E6C8638DE20DA7E7D10262D21,25BCACFC9E79EE61054C97D9D38B6142,1981-01-01 01:01:02,15562852,"com.springtechsolutions.sunnahradio",22,0,2023-12-08 13:11:34,8982248,play.google.com
00000DA875B5A96549C8D23D74FDA8419166EDE7441E2562BAA49928CBA0BE07,A56F0E18CC7AC55DA291A31E6209F17D0D80AFEB,45116F2A069C5B29FE7171C86825C08C,1981-01-01 01:01:02,143417826,"app.stretchminder.android",73,0,2023-06-17 09:03:52,7598556,play.google.com
00000F8EE4F64324BA04356745E946152C2F43ECB63372E89DB79830BADAF1BA,ACBDBE1199C224A9F27A23EBEE333BA78180B38C,9ECD6BAF09ECB56DB7C1E3B1CE0C1E79,1980-01-01 00:00:00,5345848,"com.rbsoftware.pfm.personalfinancemanager",48,0,2017-08-17 09:17:27,7308504,play.google.com
00001037C7C73206C99EC558943F81EB40C22614281A3472E3FB69730F0DABC8,8C921A024441BF275313AAF760CDBBE8BE8C396A,DDC95C58F124E5E01D2C04971CB628F0,1981-01-01 01:01:02,14736254,"com.newaadharguide",3,0,2022-10-23 10:54:15,6851740,play.google.com
0000103AF1B89F26FF77209541EFF57DA99891371944408A92E875658355B9DB,2DD82AD3DC5CBA1BFF01BD0714C59F75F7F3F65D,08094F033E8F442882592E0F509A024C,1981-01-01 01:01:02,6650179,"com.dudesolutions.sdcm01",38,0,2022-04-30 13:33:14,2754764,play.google.com
00001091AE8F704E461A37576EE67CCCD1F286D07C6C176449FEC86B6984E05F,F0F3A2F67DA2ABC34E02254F1A1CFA7512E036F3,C5E3E0C04F46B1009E8E665C6359D136,1980-01-01 00:00:00,12798854,"com.indoorway.android.fluctus",14,0,2018-09-16 10:33:09,9548124,play.google.com
000010F33B578B4B5C33724520E38BD44485705DC1B6ADDE4975EBBA7F114355,DDE9CA9CC8C9FD67B27E68A637D1015E3852AD4E,8CEE4A742DD05B509007C540CBB86BEE,1980-01-01 00:00:00,4727630,"com.fearless.teengirl",3,0,2018-11-05 13:29:35,7928208,play.google.com
00001112E046D8BBF8B5529A9ECB39920F828209EF4ABFEB95AAB46D41F56A7D,4852E9A9B19DB6CC776AB811EAE6ABD5F845A64B,2A6ECF7A0D56056D653F5B3EDDAFC8A5,2016-08-17 15:42:52,16004883,"com.appautomatic.ankulua.trial",39,0,2016-11-22 17:06:20,1791232,play.google.com
0000120C5998A69C7907706CA1BDBBF98CCD884891D68CDE4D87BB530AEAF015,9DB718A09CE7DEEFFAA2192A6A19A428D917CFDB,1190C2067E50EF869D9179AC18834E8B,2021-02-08 13:59:44,10936955,"com.placz.cricketpakistan",2,0,2021-03-16 09:17:34,9869068,play.google.com
00001438D92DC8AAA7B1BCEDDC4BEBC12E3104C02142FEAE1F929E3A0C2BC719,6AA10B10EE30A7525528F5A0A639836E181648E6,90E704E0F6189111796CD7B2F358719F,1981-01-01 01:01:02,138916497,"com.northcube.sleepcycle",6446,0,2022-05-05 06:36:56,8447564,play.google.com
0000143EF8D00E3A65C5C8C380221D00678FED906FDC2EBC483D1987457C7B2B,DAF886288EB27F9C0B866EB19A357E1E866AF4DC,2C640DD9FE09FAC938F4282C24942516,2016-01-19 13:28:36,1882706,"com.kbf.app27730661",70101,0,2016-03-23 15:13:09,1862492,play.google.com
000014F7037586315DE348D21337B90B83A1C887E247DA8E4CC043702E36DFBA,b597a72faf8641fef10a448d42dbda5452c01d10,21ae85a4879db03c122b122a0dde62c4,2012-03-05 17:08:30,132603,"cinema.release.dates",4,1,2014-04-28 00:45:12,113720,play.google.com|PlayDrone
000016735720DFABEE77B5A884629F8CB1578CCBAE079CF1839B8E8AE84C6B07,46BFEBF9DBB59D5B086EE4049DD86C8E2C48630E,817E4DC9202A9C05E52E0196B3B88D70,1981-01-01 01:01:02,43961338,"freshpicks2.android.app",12,0,2023-04-08 10:29:54,8625728,play.google.com
000016EFD71A1B8B37E61AA643E5875869B72429184535FE01E1E90318FD6F4A,7755C889B94661F76752FBC5E8736C4C669554FC,8809EF218B65C864EDF8398C93685DA3,1981-01-01 01:01:02,147085876,"com.rainbowgames.solitairedetective",90,0,2023-12-05 07:58:59,8554040,play.google.com
000018022DEEADDBACD1E5E2A7942DBB6F48429B7D755D7E021899DAE3E99A4F,7D3730F3ABAE56080E023C95CEF31BD5B630A78D,9C127A4FCB85FD64C5F202D8D3D1041B,2019-03-25 12:12:48,16269432,"com.congo.actualite",9,0,2019-04-27 01:49:23,8925716,play.google.com
00001981959DFA906CAB733A0A4520B5C92FDEB84D0F5167E561B4FF0CE302DF,EAA7064D535993288BD20D95A87ED7B2169F94D2,E95A733DF0489569CB0328A493A15BA1,1981-01-01 01:01:02,42140613,"com.songshuedu.taoliapp",240,0,2023-02-17 08:35:28,26057056,play.google.com
000019911F02CB0DAAF281EB8F7ED3CF52CC8DB377816CA9B3E42C8AAA227F78,0478265973B0C8132BE53B192AD6FE4A9DA18AD4,496122CF4F68715D795023C23A7111D5,2019-03-02 04:23:30,18401117,"com.tadu.android.androidread",1135,1,2019-11-01 14:19:42,8281108,anzhi|appchina|VirusShare
00001A21E96C4D131B5DC27897E89D23FC35D6D75A4CE1B15D6D30A4E4FC60F1,2190BCAAEEE61BA4F715887C7CE4937CD8613A42,3EFBAD62C71B350637B2F4141149A730,2016-01-02 23:48:34,6034378,"com.bz.solo.theme.gray.dim",30,0,2016-02-21 08:32:22,2823864,play.google.com
00001AC7364E668F1DDC9906887EDF0C8F7230830B864DB6179075AC9C0A6892,289413C97D0A07414E7686FBCBDFE4B4EA7364A8,B55B2FAD731B9B019E3C8D5F91D4E4E2,2015-11-04 19:52:36,5050108,"cn.dreamjet.newplanet.android",1,1,2016-03-15 03:05:28,935328,play.google.com
00001B280911A2CB409F2D9A8799E115D96360E05065E33B2E8415E308AD0EAE,25FB6B4E5E1DB8B7ECC3B7BAA7DA9966F4674FAD,CA8C016D7D2B293F21E93FF3D6EC17FD,1981-01-01 01:01:02,9606534,"com.eraradio.radiostanicebih",7,0,2023-05-13 04:50:34,8959012,play.google.com
00001B70E724B509CE0F19AA8FA3BBA8BCA8F3F18B6DEA007EBA973660EB1228,BFE3A35066EFFE3E0B3EF48C5849EF1954F0BC98,4DE5F996A46EBF597449757FCB67ECEB,1980-01-01 00:00:00,10517765,"com.fr.quizzapp",7,0,2020-11-10 08:34:30,8202200,play.google.com
00001BA8BA487F59CE415766F02FAFB1F96308891B8480D0FE19AD4A7490E979,D4EB97C58023B3A07981BF4533B15394C644A936,D0446DAE253FFB6D01A078797F0838C7,1980-01-01 00:00:00,10270292,"com.egorkudraviy.JigsawPuzzleDakarKamazTruck",1,1,2018-09-20 15:35:05,9192824,play.google.com
00001C3DDD0FA4797DAC37098FC4F1609D50B2E6BE61213CA0BA8F38C02049CF,9A1485F74EF8AF1F3FDFB16CA955CA7C2DEF6767,93D7C64CACFD4B817FC4FD9F949F8009,2014-09-01 15:34:38,223372,"com.smartcoder.sms",5,0,2015-09-12 18:35:22,794680,PlayDrone|play.google.com
00001C429E58E2795B815F0EB63C603837AFC0EE76E9AE633C27021E11435BB2,87717B3EB65135ECE178D1BFB0986390FD3043E2,20F8821A53CAF99BAC99FBF0FD9E4017,2013-07-15 17:38:24,2559861,"com.gau.go.launcherex.theme.pdpafq.ruuhen.advanced",39,0,2014-12-23 04:24:02,237344,anzhi
00001C87FEECB96946C677E8B9099EEB87D6E8210EBCD2885ABEF6ACE6A54874,C8C15EE8733AB40471BE5F194993E008B0562FB9,DC5E91FD4D6E9D29DCB77579081ED979,1980-01-01 00:00:00,23322918,"com.groovin.livedesivideochat",7,0,2020-07-28 11:09:45,8377364,play.google.com
00001CBBE64D4B5FD6F0AB8FC0DD0194C9583F4D497961A4413F5AB793A02160,1C459780A33A7CE79774C3355B2C483572CFAC93,354BEDDC8B1DBCFC97AD4B2298049BF6,1980-01-01 00:00:00,8315047,"com.zoonitechnoapps.naturephotoapps",2,0,2019-01-31 05:48:44,4063304,play.google.com
00001ECA82980CC28717F94671EC8BE049D66EC5BC8F2B3F696FDE70D3482C1C,B0D6324F7CF36F619F2AA90439EC3BC8E85D0036,742A36DA734148549931C1426EF6EDFA,1981-01-01 01:01:02,6421982,"co.com.qvo.hera",7,0,2023-03-25 08:11:58,8990436,play.google.com
00001F1A737FA3F41A11EC8CED7D5E67AAD5B673CBEDB2D891B17309B3E9C889,993DA9E65A8549B0F6B41E2900DB08185F9C1403,7A8D7BAAB124FF6BE9152AE9D16E2DC8,1981-01-01 01:01:02,55754040,"com.menesapps.senet2",401,0,2022-07-16 11:04:08,647708,play.google.com
00001F58C32E40376F64CC88B70F8FAD2FDA054E0863ABD5E41F4C6F18A65DA2,04f6f82847f9fc91bf749f4948d4694cc274d276,1a01e2c408d136a5bca0cdc688c646a1,2011-10-21 09:07:40,1514427,"com.colorme.game.jisushuzipai",1,20,2014-05-08 05:18:25,378688,angeeks
00002053D20DEB5B2586533EE7931F12FABF163E01232BC4BCDE28B29918A46F,9D4F74EB96FA3CB5158EE4FB7C2A68DAC8AD557C,5DF1896280C7A70D7B4B6BB891E47D93,1980-01-01 00:00:00,52296455,"com.kugou.android.ringtone",580,1,2022-04-03 11:08:37,9065860,anzhi
0000205479C9BA53E1B209D5FC484A8B5D12235B83374E70F60C2F02919C5A6D,2F5C3233AFE766FA1628A19930474BA1FE38D135,B49250BEB27C1486B268A20B53636175,2016-05-03 17:25:52,21522308,"com.smartsound.skeeperheart",12,0,2016-07-24 03:57:52,2540328,play.google.com
00002100E99DD61C62888906022139942B487CE5CD0DA8798E0BD77A17352267,AAC96E573EAF8F25DBFE2E60E48E907E863FB524,334A7E090B46138854C5F2BBFA3C6610,2018-01-22 17:27:36,17250307,"com.tradergenius",4,0,2018-11-11 17:44:34,7793988,anzhi
00002156B0C92A3CD12D0CE0ABD50C640EB94A9217C5A48FABDE6B725E42D308,C318977129EF7613A88AEFD1A770D45BCBA5A0BB,6EB8CFEDD800D6C610C891858309424C,1981-01-01 01:01:02,10943556,"com.creativeappinc.newspaperphotoframe",12,0,2022-06-27 16:15:46,6003092,play.google.com
000022029986C121B891C377DB8737A70AFDC6A26C9E4517BF029878FF605470,83AF6EEEBCF989CA50D67C9E1CB9C86DC5F55A33,50FCFE6FDFD209D7BCE6E7F40801C88A,1980-01-01 00:00:00,69796094,"com.hatem.bilal",1008,0,2022-02-24 15:07:24,8348220,play.google.com
0000230AE0799EAA963F0AE5337A0E6E1AC32ACF1FA4E3C5FA7783CBAE2EFE77,82117b5cb9b7eabe5585dfe1f00436d8b2b591a4,e4aacda02964bf5148180f25a2931bcd,2014-05-15 19:23:12,669965,"air.jp.co.studio.arcana.RegWoosh",1000001,0,2014-07-02 19:29:28,26236,PlayDrone|play.google.com|unknown
0000237117863E534CEEC544BC9460F09B542D48260C2E045174D03E65AD5C28,207951809CAB2D495BF64A407B13DFB691088D4F,E0F25B20EE2057958FC8999372F049EC,2015-07-01 08:21:24,2938302,"com.kezhan.buildAndsign",1507011,11,2015-09-12 01:05:51,24140,anzhi
000023794363C30636B7F1F22E3736329A8615621814E5F6A0A8B6268EA15C15,CAC593ADFE03B99A5E30B2FF2E0608A421C78EFB,8AE74D19B297C37B11CEC508A3ED6043,1980-01-01 00:00:00,2320155,"com.bruti.ipiss",19,0,2021-03-03 08:35:08,4185960,play.google.com
000023827E6E577DE2C3772D2B0C184EAFF7FFC314D6CDF62B748CFA6A462AF5,EEBAF66DBE92DACBBD76243E8901A4301FFAAE6A,06564BFE8579135EDB0E4B5F797B1D54,2107-11-30 00:00:00,15014403,"com.uc.vmate",22403,0,2019-07-08 10:45:42,7971868,play.google.com
000023840783F38467E39CC93B0A9C8EDB7DF3A7F1D151245A16E6AA9E951FFC,daf8948599bd3d1287560e82ede7706d271c17aa,6e73797c929ab9ae6ee61eb885140754,2014-07-20 12:27:14,554618,"ch.milkbook",34,0,2014-07-23 14:27:32,340964,PlayDrone|play.google.com
0000241B6C550B52927C74C854B7A8D9DBA6E86A3576D562001E61FBEB0074F4,D96BF6B6EDF8C408C30C8FB582EAA426D4734597,9E580B59BCE407CC1F7257C61D2255D2,2015-11-09 17:06:28,15098650,"air.com.jeuxdefille.ChickenCookinggame",1000000,0,2016-02-21 08:31:50,2038100,play.google.com
00002446EE3E5C0596316AE5F0408FE67ECB5AC1E9C6A6F32AC4D5A4B80EEB6A,99C923ACDD3574BA1C5F654BCEA24763A3B64242,3CA63B8F9AD89CCD12A9EF723759BE35,1981-01-01 01:01:02,8287161,"com.zenoti.dermaenvy",301,0,2023-03-02 14:11:38,6321692,play.google.com
00002619705F518214A5AECCBC2BEB5E2A21F6BF239B4F7A934763A6AECB12CF,4F8D464AA678B6E1381AD9C8805A9C9B97B35E09,58D93431C9ADBAAA0FC4262535B12862,2023-10-31 08:49:00,49078071,"au.com.cacu.android",7929,0,2023-12-11 07:18:25,9301164,play.google.com
000026E846FFCF60E2A9E135251B4F411300E903DCE95D47989B24158E93BB3D,EB745F4F3A984537756A9769E0417910EB55DBF0,9C033944F2E293BE73AFBB995317C862,2015-09-13 21:46:06,704666,"com.wSpeedtest1A",1442180742,8,2016-01-16 03:46:00,1254648,play.google.com
000027526CC0BE7B6565389DFEC90FFBF90E61ADDD4CBB4BD41938CFEC2FED82,F5912EA71FD8E1E5A2DCEF62B32F317A518AB15F,7BCA7B3D74A917E76B733F9D2E4604AC,1980-01-01 00:00:00,85082078,"com.i4joy.armyofallies",19028,0,2019-09-07 17:11:59,5876024,play.google.com
000027D1DA96332EFCB54AF76906A7298121EBCCCDAB3D7DCE999F8043E74EE7,480272E064E8F6CE0F481924DFC34DEF696CA426,E268C1B54459FD0D23D670291090CBBE,1980-01-01 08:00:00,1750444,"com.acp.gfipmg",1,31,2019-02-23 22:24:20,5888,VirusShare
000027F4B7F5BD3BB48921AACC816EF937A0C91BB6E9E4C423DB1F524BCAF32E,1B1C93462A1D45CC89EEFB2E53A8B83E54F8A08E,68EDCD0373384503173E474907A36778,1980-01-01 00:00:00,19216389,"com.artwall.IntroductionToTheTempleOfTheBlessedVirginMaryWallpapers",1,5,2017-06-14 22:58:51,7909940,play.google.com
000028EA8D6DF46C51EA6CEE7B2B7A97B816D8EF9A1296C9D98F835117DEE191,EB5AAE45C299B660010A33E9BB16E1836E2A44DD,0DE999DC91DAE86AC9F14430D8256BE3,1980-01-01 00:00:00,31221901,"com.ulkagames.callbridge",1082,1,2021-04-15 07:04:55,8007648,play.google.com
000029ACAFE6759CAA8E49D4768467A35B792E5D00127A07CC4C4BF1BDD1ACA2,AC99BB7E7CC50F2D05091315DEC65176F8E5705A,CDFF349E12D26C7F5B7E2224F9F6D451,1980-01-01 00:00:00,15849724,"com.burhanrashid52.SelfieWithJennieBlackpinkkpop",1,0,2020-06-18 13:52:31,8776016,play.google.com
00002A64945A510BF790332A4EAF9C7EE64CF77DF9178B443E17A7C06033F7EA,CF2D61283D8420356D9FBCE314D93992793F736A,07C35F747B82A85A1A74AAEF88AD5933,1980-01-01 00:00:00,14783275,"com.Shekhar.FilDiReciNew",3,0,2020-06-21 08:35:17,4225084,play.google.com
00002A679AA1BA4CDEF68E31418E6714E99AC4B63AE0F077CE13313542CB8456,2716D5393718B329C7F8F4BCBECF4B046AD4DFE8,F02869EF2E352F3A4DC3FE6DC14ED959,1981-01-01 01:01:02,9343536,"com.drivermonitoring",9,0,2023-04-25 08:37:06,9518644,play.google.com
00002B8EB8E6AEE2C9E788616925BD02C2E794266095AB29EF1846BD7D93E82E,917E1B2C0F1F1D80EDAD9E316BEADA96451A69B7,F3ACCF3F90E13C247A5DAAE656B7E4B3,1981-01-01 01:01:02,6904123,"com.financialhelper.easyloan",1,0,2021-09-18 07:24:57,5820496,play.google.com
00002C30F30593A8EB824EA43C7FEA0BE851FC4C26A265AA6EE08B8555B475BF,252A13057DB4BB78A92F04B51E7AD081AF7511CD,71DF19FA6165521FEA4A729BACFF95C6,1981-01-01 01:01:02,5552541,"org.amoustakos.exifstripper",104020,0,2021-10-19 07:37:32,9209052,play.google.com
00002D74A9FAA53F5199C910B652EF09D3A7F6BD42B693755A233635C3FFB0F4,B4F9CBB68BC1CEBA67784BFB4993094B0F752B09,06B18D4DAF44082E9D9B0FE44612B1BA,2011-09-28 03:11:46,238808,"com.perfectlove",10018,19,2012-08-21 00:20:05,200644,unknown|appchina
00002DC4C5EB5B50DF52649F58927903F4E1ADF1D0F29435F44606F2740A667E,2BFC3CD7E10CCFEF03C37BC669517A57A603968E,6BFA06140E9EA6BC55339D91B5E08A69,2014-09-23 17:59:52,3567145,"com.gomax.app",1,0,2015-01-19 22:39:46,546344,play.google.com|PlayDrone
00002EA4413CAD0DFC05648C2136D8149C12D144937ABDF8B5352716C10B6FB1,885A7B0DA0FF19FBE7B992A25EDDD02B9B531089,C6130C66B6C4C0D03EA90BF402EC037E,2021-07-28 19:25:24,5486144,"com.heimavista.magicsquare.mapp058",105,0,2021-09-19 07:07:05,7018304,play.google.com
00002EC65A9DC7E9DD31018E23C59B53C69B5831DB823F9A5BC2EF7840B812B6,9206B654C5B8F9281999E8EC161B909C9DDAF4C1,DF81E787522047ED14919E1E6FFE13B9,1981-01-01 01:01:02,15651615,"ie.flipdish.fd13404",38466,0,2021-12-14 08:16:06,9558620,play.google.com
000030C33C538D16607D36940FF6C040E42FAF8E065C823F31E8AF3C44B3F706,B793FC2E6A21F1A2081C669FE2E42B5BA5C79E2C,AC7D558ED82BE7599AB4D49EA241EB7B,1981-01-01 01:01:02,24305019,"com.ydrive.pax",5605,0,2022-09-28 08:09:39,8535380,play.google.com
000030E28C933C8AD1D15038103AF759B3B8209CB41179ACDE00CA6768250F3E,E797E4E3BBC3005B8813D8D4B9778222090130DC,6C2FC43EF98A720A0F732A139681CBA5,1981-01-01 01:01:02,11195023,"com.jec.android",301023,0,2023-04-24 08:55:43,4643312,play.google.com
00003198117AD92E2AEAC2C7594740CAE12E8326F80EF7D9DC93B30AB0A400CB,8D23D1B8FFFB101B69675C6CD8C7A04EBA0E611B,14D40C74D6A18E6C1F2CE54030C80D3A,1980-01-01 00:00:00,4866841,"com.novaecorp.dealerportalandroid.cs",1,0,2020-06-30 11:13:56,6535376,play.google.com
000031FF29EEB8E0C6A9EA0AE3AD5F9F2D307E2F7DC1A6CDE84B1BE2554AF05E,795DF7D9C173FD2396AC7316C3D5B27C7AF26447,5DF4C06EA1095E0A3A66F6081B7D3002,1980-01-01 00:00:00,26787857,"admobileapps.kpopmp3",10,0,2020-06-10 10:55:36,8259620,play.google.com
000032D5B11CB0B00DA0A45F08812A576B7A926209B8ED15FAFE671B7246697F,D17F2DF9E78D933CCD84E2388C09EF7B85ADCCC4,B0A9F9A21A3338965FF475957ADAFADF,1981-01-01 01:01:02,3382093,"com.kasm.Fill",2,0,2022-04-05 07:06:50,4480732,play.google.com
00003326AED0F089E9C5F35256A7DAF3B0662FAA2E3F4C66D384C27E7A43E1E8,33B7498E27AAC44A2928062BEA22D67C1F840643,859DEF90EA76CD3DC65ADC7EF8D8F971,2014-11-07 10:58:16,3959369,"com.gather.android",3,0,2018-03-28 04:49:38,3554072,anzhi
000033DC1BF526319DA81EC388F6A90A9B7F744BF35941502F11BB52BAC272E5,A66D436054BB7301754644AFF727298681268FEA,305B6B4A0727EE7D1802B9B42888EB32,1980-01-01 00:00:00,71412809,"com.mobincube.android.sc_91T73",134,0,2022-01-26 13:50:50,9189228,play.google.com
000034BE32807EABF04DEB8C070635A9A7F6200A399D2B2EA2B25308D8E0AF1D,A24CED7F546CEACE62AF91717D4E5D255B7851D8,D71BDDB49C8EDA583B6E8878BDCC6776,1980-01-01 00:00:00,61316223,"com.picmonic.androidapp",184,0,2022-01-26 12:32:28,8691144,play.google.com
0000353C93F57E7E594C93A9A77A0D397A46803FE9C47E338950F374FC4D4ADC,D278D0CC472B17FF34AD8D4F91B7FBA255C765E3,71A0A66783F138BB4699FDA9DEA9A20F,1980-01-01 00:00:00,9762262,"com.flourpicker.app",72,0,2021-07-02 06:41:01,5459492,play.google.com
000036AC32CD1D71E70DA2B0E16EC007050976EDBE1B69C2C2288EBC967BD640,69B8FC268DC22F798CF3E68C08F24C5A3FF5E3F9,049288B09472FE07DC004E86DA9C1C80,1980-01-01 00:00:00,4207678,"alice.spiral.nebula.theme",4,0,2023-01-26 15:29:36,4562652,play.google.com
000037AB1E46B386AB98D565CC6E9EDE71F5FD775EE7D1521E47434390C0E42C,0C613603237D77DFC1DDF651C5BF0F2CD69EA12E,24DBCDEC16D68EF839BF83284EC04050,1980-01-01 00:00:00,12235505,"net.findword.sherword.android.wordssearching",1,0,2019-02-01 05:52:03,2867264,play.google.com
000037B3413EEB394EAB66796FD63FC4604A1A2B9381A3F19B68B219BFAFF6F9,1738253A13051AE2A83FB9DE1618E849787AB058,453FDC7E7CCFC5FB27E2BEA96EB470E0,1981-01-01 01:01:02,31481266,"com.ninnguyen.aisolver",2,0,2024-01-21 08:03:42,8351728,play.google.com
000037BFC5B0B7F938F1A08EE2A8BCFA62634258D0B3353A822D6F560D43507F,533BC9C837C3F2CA113866E4581D25173BB0CC94,11A6B39B3FD8B822C9467228F06D59B9,1980-01-01 00:00:00,9839675,"com.coachcatalyst.performancedisciplines",16,0,2021-08-10 12:12:38,9363184,play.google.com
0000399391F86A5C889B5166CEA46FD2F514B6DA68CE541E66575CF2D9E14E00,DD1A1347912189BF9BA867FE24425CE7101141A3,DE73E8377CBEB7D1FFC26F389ED46988,1980-01-01 00:00:00,35433331,"com.tinylabproductions.pirates",55002,0,2019-02-06 08:24:04,8669072,play.google.com
000039BCA5C0F3722E746A44942308184552C046B6D24C2417DB78F3A9EA8C7D,499E002D79083C299B565E0AF94D21269FEC0685,625265CABFF50B1EF762F73C6994F5B2,2016-05-20 16:42:54,3264729,"net.Brussels.indexcity",78,0,2016-07-15 05:07:46,3349960,play.google.com
000039C61012480E58FC642604A5A53972B0414D9F78CF25A01D45D3438DBC77,14CBE4F99E721442E44744501A381D6338EC68F3,4D98EA17531ECE000C11F522ED6B36F8,2011-12-11 20:26:22,2972974,"com.skyd.bestpuzzle.comic.n75",1,0,2013-09-27 00:43:28,1780876,angeeks|appchina|anzhi
00003A3053A69E443D9EBB565ADC02901F8DAF0F3E293E1F6E4D573799C8E2FF,D091696E09962ED03080EB785725F793D256C079,55743423EF67F9D0E77B61EB578CC722,2015-10-19 19:02:00,5573403,"com.hoge.appl2cfs60qvx",11,0,2015-12-22 12:40:31,5038676,anzhi
00003A3DB6D1C7302784C2F918E8FF24A3B1A97476578952EB9D56BD2A525A24,E170BA69126FDB21250ED5815D6C9AAA1F787FDC,2AEC4EC059F25897A4A70EC1EC49E808,1980-01-01 00:00:00,13080793,"com.ezactive.sgb",177,0,2021-02-15 09:04:16,3790768,play.google.com
00003A877E8FFAFFF496C6DADFC6FBA534D4C8E78D1CE10ED445F2884D548398,5DAF1BB9AF3F187A0589E8708BA1293C361B8086,3CCB8CABC1ECC01110A7F0C94AC7CB59,1980-01-01 00:00:00,28625393,"com.superfanu.oilcityhighschooloilers",7000005,0,2018-10-04 15:59:58,7956808,play.google.com
00003A8F140116EB686944700FA9FC4179AF8CFEA3975EAA842A94629BC628ED,8BC2EFFE20F3DFC0E81542433300436231CCE28A,DCCB0702368D6874579146135D31F26F,2021-11-12 16:26:46,36516225,"ie.imec.incident",4254,0,2022-02-18 14:08:55,6769804,play.google.com
00003B4D5B9C9F683F71AA05DC76E026E3CCCE5A5708B7EFB835993A284293FE,C38D6E6067144D4C0EBDC2240682C0A983561C30,EF6BD637E2A46A9C3D99F79C370FA326,1980-01-01 00:00:00,8123557,"india.chat.women.men",11,0,2020-09-15 09:31:00,8976240,play.google.com
00003C7D8AFE1A74613E80A19920BCE74A61CE37DF9146FB062C8BE8FF90E71F,3D8E5A88B73DB37E011CE6A4B6ADB9D9CBB8456B,C9DD0C4473BAA3F926CEA1F7F8B8B99D,2016-06-23 14:35:16,21227413,"com.auctionmobility.auctions.vinpresariowineauctions",20,0,2016-07-04 03:59:09,8308796,play.google.com
00003CD98DF2EC5A0887152DEE9C741CD94C514505BE20159E8CBB2F39144083,BBCBABFF2D31C7A001D7A431A8975F2E8D21290D,0361759557B1E2B5763549F9FFC8F5C1,1981-01-01 01:01:02,19960147,"com.echo.voice",10101001,0,2022-04-03 08:02:26,7585616,play.google.com
00003D40554EBDA408676721C80E41C90378694B811F04E6AD04FDCBFF30DC86,1B06FEB19425C80EE0326186C0FC21CFFC4748EA,43B386412CB34E6028D90B67DFF45EE6,1980-01-01 00:00:00,24022063,"co.april2019.oe",24,1,2021-03-16 07:55:47,8261048,play.google.com
000040123DF387DFBBB46132E26CE74A75D3935E5A04656E48EBB882107E953F,DA688385842395A4E360143C6F5319820479DA8A,3E1F3A20672DE2BC54CA713E046EA3B0,2016-05-19 01:34:26,3992726,"m.m.m2",2,0,2016-07-11 05:55:33,6989532,play.google.com
000040290A90F689FB71A84A1D85064867E6A4924E5B034331BE716578D108A2,016A46DC6F1D938CCE35720967D702E95F06D27E,BD659637EA02EA1C450FD019F3D14630,1980-01-01 00:00:00,45969,"com.jase.kr.web",1,0,2019-08-21 04:58:21,10336,play.google.com
000040A9B9EBC7FCD250B9A115C015114BCD77E10A94D151438864E6F111A631,D8083681C407DE26B4D619848A166E56F203EB10,8936267DED158831B5E9213879CF8AEE,1981-01-01 01:01:02,1234522,"com.navayuga.bazaar",1,0,2022-07-13 08:01:50,975012,play.google.com
0000413BB21963A5D258B970B6407CB8423BB8E9EE37C5E1EB721275289F958B,AC9EF4FB0EC8AB3A83A0A56B5065FD3DE7ADA476,526F41A894032D5BC098A5E2F01696FF,1981-01-01 01:01:02,15169419,"com.ums.ticketing.iso",50,0,2021-10-25 06:10:54,6369704,play.google.com
0000417A3100D52547A8B423D6540763BFDA97A7140ACA6C2CD3E6171683EEEF,31CD7A8034C690EC341359CE5862FC7BD1623CA8,D9A416290F167D97E8089B9C8CD720D2,1980-01-01 00:00:00,18122860,"com.teammt.gmanrainy.themestore",175,0,2020-04-08 14:11:46,8322544,play.google.com
00004295316D5993B4607D230954AB2A5E3CCA611F7B4212FB31E5F93585B04F,59EDBD3827C183337E05B1C6F80B99DC83A52C1A,1393B436F070825C97DD1517B6F8972F,1980-01-01 00:00:00,3020719,"com.smallappdeveloper.uklocalnews",7,0,2019-06-27 19:52:15,5178000,play.google.com
